,precision,recall,f1-score,support
False,0.9676779996950755,0.8269706840390879,0.8918083462132921,7675.0
True,0.9888469904510754,0.9982027044211775,0.9935028224751715,117955.0
accuracy,0.9877417814216349,0.9877417814216349,0.9877417814216349,0.9877417814216349
macro avg,0.9782624950730754,0.9125866942301327,0.9442840196018426,125630.0
weighted avg,0.9875537324390377,0.9877417814216349,0.9876477479791642,125630.0
