"precision","recall","f1-score","support","index"
"1.0","0.9708849151765245","0.985227404908689","4362.0","False"
"0.9942985409652076","1.0","0.997141120590685","22148.0","True"
"0.9952093549603923","0.9952093549603923","0.9952093549603923","0.9952093549603923","accuracy"
"0.9971492704826038","0.9854424575882623","0.991184262749687","26510.0","macro avg"
"0.9952366686268358","0.9952093549603923","0.9951808177689246","26510.0","weighted avg"
