"precision","recall","f1-score","support","index"
"0.6899862825788752","0.9882121807465619","0.8126009693053312","509.0","False"
"0.9996886513413938","0.9884049048278692","0.9940147567204994","19491.0","True"
"0.9884","0.9884","0.9884","0.9884","accuracy"
"0.8448374669601345","0.9883085427872156","0.9033078630129153","20000.0","macro avg"
"0.9918067260563878","0.9884","0.9893977758307834","20000.0","weighted avg"
