"precision","recall","f1-score","support","index"
"0.7922437673130194","0.9050632911392406","0.844903988183161","948.0","False"
"0.990924674800847","0.977616394747314","0.9842255496018829","10052.0","True"
"0.9713636363636363","0.9713636363636363","0.9713636363636363","0.9713636363636363","accuracy"
"0.8915842210569331","0.9413398429432773","0.914564768892522","11000.0","macro avg"
"0.9738019929555323","0.9713636363636363","0.9722185641268876","11000.0","weighted avg"
