"precision","recall","f1-score","support","index"
"0.9407951598962835","0.9981659789087575","0.9686318131256952","4362.0","False"
"0.99963440270542","0.9876286797905003","0.9935952759482172","22148.0","True"
"0.9893625047152018","0.9893625047152018","0.9893625047152018","0.9893625047152018","accuracy"
"0.9702147813008517","0.9928973293496288","0.9811135445369562","26510.0","macro avg"
"0.9899528947034038","0.9893625047152018","0.989487745777269","26510.0","weighted avg"
