"precision","recall","f1-score","support","index"
"0.9896027312228429","0.8308794788273616","0.9033217649975211","7675.0","False"
"0.989109459164667","0.9994319867746174","0.9942439308259643","117955.0","True"
"0.9891347608055401","0.9891347608055401","0.9891347608055401","0.9891347608055401","accuracy"
"0.989356095193755","0.9151557328009895","0.9487828479117427","125630.0","macro avg"
"0.9891395941885188","0.9891347608055401","0.9886893051574671","125630.0","weighted avg"
