"precision","recall","f1-score","support","index"
"0.19475806451612904","0.9489194499017681","0.32318501170960184","509.0","False"
"0.9985159817351598","0.8975424554922785","0.9453405744238199","19491.0","True"
"0.89885","0.89885","0.89885","0.89885","accuracy"
"0.5966370231256444","0.9232309526970233","0.6342627930667109","20000.0","macro avg"
"0.9780603427419355","0.89885","0.9295067153527431","20000.0","weighted avg"
