"precision","recall","f1-score","support","index"
"0.8182755775577558","0.8063008130081301","0.8122440622440622","4920.0","False"
"0.9191276306856755","0.9247780054644809","0.9219441607082056","11712.0","True"
"0.8897306397306397","0.8897306397306397","0.8897306397306397","0.8897306397306397","accuracy"
"0.8687016041217157","0.8655394092363055","0.8670941114761339","16632.0","macro avg"
"0.88929405075606","0.8897306397306397","0.8894931936300678","16632.0","weighted avg"
