"precision","recall","f1-score","support","index"
"0.9787234042553191","0.9941060903732809","0.98635477582846","509.0","False"
"0.9998460196068367","0.9994356369606485","0.9996407861651357","19491.0","True"
"0.9993","0.9993","0.9993","0.9993","accuracy"
"0.9892847119310779","0.9967708636669648","0.9929977809967978","20000.0","macro avg"
"0.9993084490461406","0.9993","0.9993026572020673","20000.0","weighted avg"
