,precision,recall,f1-score,support
False,0.6451720681590377,0.39247967479674795,0.48805762669025654,4920.0
True,0.7808490358530684,0.9093237704918032,0.8402035422665771,11712.0
accuracy,0.7564333814333815,0.7564333814333815,0.7564333814333815,0.7564333814333815
macro avg,0.713010552006053,0.6509017226442756,0.6805420043356802,16632.0
weighted avg,0.7407137135193363,0.7564333814333815,0.7484910211968234,16632.0
