,precision,recall,f1-score,support
False,0.8149357274025709,0.8117886178861788,0.8133591283983301,4920.0
True,0.9210638479243032,0.9225580601092896,0.9218103485048841,11712.0
accuracy,0.8897907647907647,0.8897907647907647,0.8897907647907647,0.8897907647907648
macro avg,0.8679997876634371,0.8671733389977343,0.8675863665152402,16632.0
weighted avg,0.8896695265578456,0.8897907647907648,0.889730141544202,16632.0
