"precision","recall","f1-score","support","index"
"0.7919921875","0.8554852320675106","0.8225152129817443","948.0","False"
"0.9862670408981555","0.9788101870274573","0.9825244657479528","10052.0","True"
"0.9681818181818181","0.9681818181818181","0.9681818181818181","0.9681818181818181","accuracy"
"0.8891296141990778","0.9171477095474839","0.9025198393648486","11000.0","macro avg"
"0.9695240808052963","0.9681818181818181","0.9687345774186468","11000.0","weighted avg"
