"precision","recall","f1-score","support","index"
"0.8982630272952854","0.6621951219512195","0.7623727623727623","4920.0","False"
"0.8722029988465975","0.9684938524590164","0.9178298337176842","11712.0","True"
"0.8778860028860029","0.8778860028860029","0.8778860028860029","0.8778860028860029","accuracy"
"0.8852330130709414","0.815344487205118","0.8401012980452233","16632.0","macro avg"
"0.8799119538711011","0.8778860028860029","0.8718432541712066","16632.0","weighted avg"
