"precision","recall","f1-score","support","index"
"0.6451720681590377","0.39247967479674795","0.48805762669025654","4920.0","False"
"0.7808490358530684","0.9093237704918032","0.8402035422665771","11712.0","True"
"0.7564333814333815","0.7564333814333815","0.7564333814333815","0.7564333814333815","accuracy"
"0.713010552006053","0.6509017226442756","0.6641305844784169","16632.0","macro avg"
"0.7407137135193363","0.7564333814333815","0.7360333940802196","16632.0","weighted avg"
