"precision","recall","f1-score","support","index"
"0.9097337144576501","0.7878827361563517","0.8444351347577155","7675.0","False"
"0.9863173730701025","0.9949133143995591","0.9905966961821235","117955.0","True"
"0.9822653824723394","0.9822653824723394","0.9822653824723394","0.9822653824723394","accuracy"
"0.9480255437638763","0.8913980252779554","0.9175159154699195","125630.0","macro avg"
"0.9816387168586039","0.9822653824723394","0.9816673800639008","125630.0","weighted avg"
