,precision,recall,f1-score,support
False,1.0,0.9708849151765245,0.985227404908689,4362.0
True,0.9942985409652075,1.0,0.997141120590685,22148.0
accuracy,0.9952093549603923,0.9952093549603923,0.9952093549603923,0.9952093549603923
macro avg,0.9971492704826037,0.9854424575882623,0.9912613008255188,26510.0
weighted avg,0.9952366686268358,0.9952093549603923,0.9952230116062097,26510.0
