,precision,recall,f1-score,support
False,0.9897843359818388,0.9995414947271893,0.9946389871107562,4362.0
True,0.9999095227324135,0.9979682138342062,0.9989379251124219,22148.0
accuracy,0.9982270841192002,0.9982270841192002,0.9982270841192002,0.9982270841192002
macro avg,0.9948469293571263,0.9987548542806978,0.9967970615963135,26510.0
weighted avg,0.9982435074700217,0.9982270841192002,0.9982352957270602,26510.0
