,precision,recall,f1-score,support
False,0.9952065738415886,0.9995414947271893,0.9973693240306531,4362.0
True,0.9999096208595057,0.9990518331226296,0.9994805429455473,22148.0
accuracy,0.9991324028668427,0.9991324028668427,0.9991324028668427,0.9991324028668427
macro avg,0.9975580973505471,0.9992966639249095,0.9984266237940679,26510.0
weighted avg,0.9991357735908466,0.9991324028668427,0.9991340882260018,26510.0
