,precision,recall,f1-score,support
False,0.8066801619433198,0.8407172995780591,0.8233471074380164,948.0
True,0.9849180982820616,0.9809988062077198,0.9829545454545455,10052.0
accuracy,0.9689090909090909,0.9689090909090909,0.9689090909090909,0.9689090909090909
macro avg,0.8957991301126906,0.9108580528928893,0.9032658316285225,11000.0
weighted avg,0.9695572288594136,0.9689090909090909,0.9692330515298284,11000.0
