,precision,recall,f1-score,support
False,0.7919921875,0.8554852320675106,0.8225152129817443,948.0
True,0.9862670408981555,0.9788101870274573,0.9825244657479528,10052.0
accuracy,0.968181818181818,0.968181818181818,0.968181818181818,0.9681818181818181
macro avg,0.8891296141990778,0.917147709547484,0.9029213603391721,11000.0
weighted avg,0.9695240808052963,0.9681818181818181,0.9688524845961362,11000.0
