,precision,recall,f1-score,support
False,0.7922437673130194,0.9050632911392406,0.844903988183161,948.0
True,0.9909246748008469,0.977616394747314,0.9842255496018829,10052.0
accuracy,0.9713636363636363,0.9713636363636363,0.9713636363636363,0.9713636363636363
macro avg,0.8915842210569332,0.9413398429432773,0.9157867116314332,11000.0
weighted avg,0.9738019929555323,0.9713636363636363,0.9725812863622559,11000.0
