"precision","recall","f1-score","support","index"
"0.9870149945895811","0.8319218241042345","0.9028563348416289","7675.0","False"
"0.9891743103867876","0.9992878640159383","0.9942053678368394","117955.0","True"
"0.9890631218657964","0.9890631218657964","0.9890631218657964","0.9890631218657964","accuracy"
"0.9880946524881844","0.9156048440600864","0.9485308513392341","125630.0","macro avg"
"0.9890423932591624","0.9890631218657964","0.9886246639584805","125630.0","weighted avg"
