,precision,recall,f1-score,support
False,0.06081989247311828,0.7111984282907662,0.11205695712737967,509.0
True,0.9895358769931663,0.71320096454774,0.8289454068397984,19491.0
accuracy,0.71315,0.71315,0.71315,0.71315
macro avg,0.5251778847331423,0.7121996964192531,0.6045552073518353,20000.0
weighted avg,0.965900055187131,0.71315,0.8205015952069776,20000.0
