,precision,recall,f1-score,support
False,0.19475806451612904,0.9489194499017681,0.32318501170960184,509.0
True,0.9985159817351599,0.8975424554922785,0.94534057442382,19491.0
accuracy,0.89885,0.89885,0.89885,0.89885
macro avg,0.5966370231256444,0.9232309526970234,0.7248442312582469,20000.0
weighted avg,0.9780603427419355,0.89885,0.9367837334086917,20000.0
