,precision,recall,f1-score,support
False,0.9787234042553191,0.9941060903732809,0.98635477582846,509.0
True,0.9998460196068366,0.9994356369606485,0.9996407861651356,19491.0
accuracy,0.9993,0.9993,0.9993,0.9993
macro avg,0.989284711931078,0.9967708636669648,0.9930136788112112,20000.0
weighted avg,0.9993084490461406,0.9993,0.9993042245052112,20000.0
